query_id,reference_id,score
Q05046,R516024,0.5887793898582458
Q05046,R516025,0.5700382656521268
Q05046,R500000,0.5562660031848483
Q05046,R516024,0.5887793898582458
Q05046,R516025,0.5700382656521268
Q05046,R500000,0.5562660230530632
